日期,收盘价格,成交量,开盘价格,日最高价格,日最低价格
2021/9/14,160.15 ,20925920 ,162.86 ,163.07 ,159.48 
2021/9/13,165.41 ,15458610 ,164.49 ,166.86 ,163.02 
2021/9/12,168.10 ,15064270 ,171.20 ,171.64 ,167.61 
2021/9/11,167.32 ,17295800 ,167.30 ,169.04 ,165.58 
2021/9/10,170.71 ,18993030 ,174.25 ,174.37 ,169.26 
2021/9/9,175.16 ,24608470 ,174.15 ,176.84 ,173.37 
2021/9/8,170.30 ,16440500 ,169.53 ,172.06 ,168.88 
2021/9/7,172.00 ,29374890 ,178.01 ,178.18 ,171.67 
2021/9/6,173.28 ,29550200 ,169.56 ,174.79 ,169.33 
2021/9/5,166.99 ,24629110 ,167.70 ,169.00 ,166.14 
2021/9/4,162.29 ,23769390 ,160.17 ,163.29 ,158.23 
2021/9/3,159.47 ,31718050 ,159.99 ,161.77 ,158.55 
2021/9/2,165.24 ,18816500 ,167.46 ,168.45 ,164.82 
2021/9/1,169.10 ,26055350 ,168.70 ,169.61 ,166.08 
2021/8/31,171.70 ,62786400 ,169.04 ,174.15 ,168.16 
2021/8/30,161.06 ,88699150 ,159.28 ,161.47 ,152.80 
2021/8/29,157.96 ,75948870 ,164.12 ,166.93 ,155.50 
2021/8/28,160.55 ,66662950 ,166.70 ,167.26 ,159.51 
2021/8/27,172.35 ,34339830 ,174.10 ,175.36 ,172.11 
2021/8/26,173.73 ,40557980 ,175.92 ,177.89 ,173.15 
2021/8/25,182.71 ,21044110 ,185.00 ,186.26 ,181.51 
2021/8/24,188.62 ,15376980 ,188.61 ,189.26 ,186.71 
2021/8/23,191.66 ,12885440 ,191.17 ,192.98 ,189.69 
2021/8/22,194.86 ,8985075 ,196.60 ,196.92 ,194.73 
2021/8/21,195.73 ,9983680 ,197.27 ,198.45 ,195.07 
2021/8/20,195.25 ,14657160 ,194.58 ,195.50 ,192.82 
2021/8/19,196.39 ,11967720 ,199.25 ,199.32 ,195.68 
2021/8/18,199.28 ,9881409 ,199.27 ,200.29 ,197.64 
2021/8/17,200.71 ,22327280 ,197.49 ,203.28 ,196.91 
2021/8/16,197.38 ,20115920 ,195.01 ,197.44 ,192.00 
2021/8/15,200.09 ,17889190 ,196.27 ,202.07 ,196.25 
2021/8/14,195.19 ,17250600 ,190.58 ,196.05 ,190.49 
2021/8/13,197.54 ,23363230 ,201.05 ,201.14 ,194.91 
2021/8/12,196.01 ,34535180 ,190.23 ,198.00 ,189.76 
2021/8/11,186.07 ,59265660 ,183.59 ,186.90 ,179.67 
2021/8/10,191.76 ,55736770 ,198.37 ,198.58 ,190.88 
2021/8/9,206.53 ,25539860 ,206.29 ,206.89 ,203.56 
2021/8/8,214.04 ,10563110 ,212.64 ,216.39 ,212.60 
2021/8/7,211.08 ,7650329 ,209.15 ,211.85 ,208.42 
2021/8/6,210.59 ,9986819 ,209.00 ,211.50 ,207.47 
2021/8/5,208.91 ,15865820 ,206.10 ,209.08 ,203.24 
2021/8/4,212.10 ,11150240 ,214.85 ,215.20 ,211.46 
2021/8/3,214.76 ,14283580 ,215.11 ,216.60 ,213.16 
2021/8/2,211.50 ,19484210 ,215.50 ,216.35 ,211.03 
2021/8/1,209.51 ,17375880 ,209.23 ,212.81 ,208.19 
2021/7/31,205.48 ,11259480 ,203.90 ,206.46 ,203.02 
2021/7/30,205.94 ,16911270 ,202.05 ,207.27 ,201.50 
2021/7/29,199.85 ,33992500 ,201.71 ,202.28 ,198.26 
2021/7/28,208.00 ,18340420 ,211.61 ,212.05 ,207.82 
2021/7/27,211.60 ,23719920 ,215.32 ,215.40 ,209.37 
2021/7/26,217.75 ,12998040 ,219.16 ,219.50 ,216.46 
2021/7/25,221.87 ,13327740 ,228.07 ,228.85 ,221.55 
2021/7/24,226.78 ,9348629 ,226.99 ,227.98 ,225.68 
2021/7/23,229.44 ,10273760 ,226.70 ,229.64 ,225.60 
2021/7/22,228.59 ,13564910 ,229.50 ,230.89 ,226.72 
2021/7/21,228.50 ,27383930 ,221.71 ,230.25 ,221.10 
2021/7/20,218.38 ,13488240 ,216.99 ,219.58 ,215.56 
2021/7/19,214.86 ,13785780 ,214.19 ,216.33 ,213.13 
2021/7/18,211.32 ,11092090 ,210.42 ,211.66 ,209.86 
2021/7/17,211.06 ,9273843 ,210.55 ,211.78 ,208.99 
2021/7/16,212.30 ,13724630 ,212.01 ,213.84 ,210.59 
2021/7/15,211.60 ,11233730 ,209.90 ,212.49 ,209.77 
2021/7/14,209.32 ,10917790 ,209.75 ,211.62 ,208.23 
2021/7/13,210.06 ,12166960 ,214.17 ,214.49 ,209.64 
2021/7/12,213.94 ,10773080 ,212.25 ,215.17 ,212.24 
2021/7/11,211.64 ,12276590 ,213.45 ,213.46 ,211.00 
2021/7/10,213.07 ,10735900 ,213.50 ,214.80 ,212.21 
2021/7/9,213.32 ,10233550 ,215.21 ,216.57 ,213.31 
2021/7/8,215.82 ,9443049 ,217.29 ,218.23 ,214.74 
2021/7/7,216.90 ,9928599 ,218.00 ,218.40 ,215.69 
2021/7/6,219.02 ,8999092 ,218.28 ,219.08 ,217.14 
2021/7/5,217.04 ,12448120 ,218.00 ,218.70 ,216.31 
2021/7/4,219.59 ,13126420 ,219.43 ,219.94 ,217.46 
2021/7/3,219.48 ,23052850 ,223.02 ,223.13 ,218.24 
2021/7/2,213.96 ,10401470 ,212.76 ,214.53 ,212.06 
2021/7/1,212.74 ,18680200 ,214.17 ,215.46 ,212.53 
2021/6/30,211.78 ,9405776 ,212.30 ,213.75 ,211.54 
2021/6/29,211.13 ,14116060 ,212.83 ,214.05 ,211.01 
2021/6/28,210.44 ,15884250 ,210.03 ,212.01 ,208.70 
2021/6/27,211.06 ,22825520 ,215.23 ,215.89 ,209.87 
2021/6/26,216.99 ,19123430 ,213.00 ,217.63 ,212.63 
2021/6/25,212.54 ,17030420 ,211.10 ,212.91 ,210.12 
2021/6/24,213.72 ,19519450 ,212.50 ,215.17 ,211.42 
2021/6/23,211.05 ,20513720 ,210.62 ,213.15 ,209.44 
2021/6/22,209.51 ,31626840 ,209.92 ,210.94 ,206.02 
2021/6/21,206.08 ,51693880 ,213.15 ,215.50 ,204.39 
2021/6/20,219.90 ,20366880 ,224.74 ,225.29 ,219.00 
2021/6/19,221.38 ,13887680 ,213.71 ,221.39 ,213.00 
2021/6/18,219.53 ,17266710 ,222.87 ,222.87 ,218.56 
2021/6/17,225.31 ,10550050 ,227.90 ,228.79 ,225.05 
2021/6/16,226.42 ,12247670 ,227.11 ,228.44 ,222.88 
2021/6/15,226.78 ,7243206 ,228.00 ,229.30 ,226.73 
2021/6/14,227.90 ,13260490 ,230.25 ,231.48 ,225.45 
2021/6/13,230.71 ,13620870 ,231.27 ,236.17 ,230.41 
2021/6/12,230.95 ,9326397 ,231.77 ,233.85 ,230.51 
2021/6/11,234.18 ,9552775 ,237.79 ,238.05 ,232.60 
2021/6/10,236.72 ,9187713 ,237.57 ,239.22 ,236.33 
2021/6/9,235.92 ,11646350 ,233.44 ,236.93 ,232.08 
2021/6/8,232.70 ,7792876 ,231.50 ,233.49 ,230.82 
2021/6/7,232.08 ,8972039 ,230.65 ,233.00 ,230.51 
2021/6/6,229.35 ,11986210 ,228.77 ,234.00 ,227.82 
2021/6/5,229.44 ,14315890 ,229.33 ,229.49 ,226.07 
2021/6/4,229.88 ,12093950 ,232.87 ,234.63 ,228.43 
2021/6/3,234.78 ,11216020 ,237.44 ,238.42 ,232.81 
2021/6/2,238.69 ,14418800 ,241.89 ,241.89 ,237.82 
2021/6/1,239.09 ,11288940 ,240.00 ,240.95 ,238.13 
2021/5/31,239.23 ,12405170 ,244.37 ,245.09 ,238.65 
2021/5/30,241.89 ,20793040 ,243.66 ,245.69 ,239.69 
2021/5/29,244.01 ,57500270 ,237.89 ,244.91 ,236.65 
2021/5/28,223.31 ,19763030 ,224.85 ,225.07 ,221.32 
2021/5/27,228.24 ,12211330 ,228.50 ,229.42 ,226.62 
2021/5/26,225.42 ,18034850 ,226.11 ,228.19 ,224.80 
2021/5/25,230.57 ,18100360 ,226.03 ,232.00 ,225.74 
2021/5/24,225.30 ,14962140 ,226.53 ,226.57 ,222.52 
2021/5/23,224.36 ,23497460 ,230.68 ,231.25 ,223.50 
2021/5/22,226.73 ,16825400 ,229.89 ,231.52 ,226.47 
2021/5/21,229.25 ,14828660 ,229.27 ,230.45 ,226.64 
2021/5/20,231.86 ,18029110 ,225.49 ,232.38 ,225.10 
2021/5/19,227.26 ,22030750 ,222.00 ,229.24 ,220.42 
2021/5/18,222.72 ,24819820 ,225.00 ,229.24 ,222.50 
2021/5/17,229.59 ,15949850 ,236.83 ,237.30 ,229.24 
2021/5/16,237.67 ,12295570 ,237.30 ,241.12 ,235.50 
2021/5/15,237.12 ,12063170 ,235.86 ,238.53 ,235.00 
2021/5/14,239.79 ,15959660 ,239.66 ,241.60 ,236.88 
2021/5/13,236.43 ,14836080 ,238.56 ,239.50 ,235.56 
2021/5/12,233.34 ,16949510 ,226.50 ,235.63 ,225.81 
2021/5/11,226.93 ,19336590 ,228.07 ,229.85 ,225.53 
2021/5/10,230.28 ,14520330 ,228.41 ,230.45 ,226.26 
2021/5/9,231.87 ,17778450 ,233.70 ,235.45 ,229.71 
2021/5/8,240.80 ,15162530 ,237.20 ,241.72 ,235.00 
2021/5/7,234.30 ,10491180 ,241.00 ,241.33 ,233.64 
2021/5/6,238.14 ,15291260 ,233.38 ,238.74 ,233.08 
2021/5/5,226.69 ,17138380 ,229.02 ,230.81 ,226.53 
2021/5/4,233.89 ,15988380 ,235.42 ,236.43 ,228.34 
2021/5/3,230.50 ,22964850 ,235.00 ,236.37 ,228.36 
2021/5/2,236.27 ,13571670 ,237.50 ,239.61 ,234.45 
2021/5/1,234.42 ,14644190 ,238.79 ,241.20 ,234.27 
2021/4/30,241.69 ,14043350 ,241.05 ,242.79 ,239.26 
2021/4/29,237.76 ,17470660 ,244.63 ,244.90 ,237.65 
2021/4/28,240.18 ,17967250 ,250.00 ,250.34 ,240.07 
2021/4/27,250.34 ,12831650 ,252.00 ,252.00 ,248.10 
2021/4/26,252.75 ,15980270 ,247.31 ,254.90 ,241.62 
2021/4/25,254.00 ,14403490 ,257.99 ,259.46 ,254.00 
2021/4/24,263.59 ,14718440 ,266.05 ,269.39 ,262.85 
2021/4/23,264.51 ,15382350 ,265.23 ,266.18 ,262.33 
2021/4/22,270.83 ,13262400 ,270.89 ,272.32 ,267.81 
2021/4/21,270.70 ,16708660 ,271.00 ,274.29 ,270.40 
2021/4/20,267.85 ,9355082 ,269.09 ,270.25 ,265.68 
2021/4/19,268.93 ,15295790 ,268.75 ,274.26 ,267.20 
2021/4/18,267.79 ,13090790 ,268.70 ,270.40 ,264.60 
2021/4/17,266.49 ,12432770 ,263.00 ,267.20 ,262.54 
2021/4/16,262.59 ,10758150 ,264.98 ,265.00 ,261.82 
2021/4/15,265.67 ,11018670 ,264.61 ,266.45 ,263.21 
2021/4/14,266.96 ,16762980 ,269.58 ,269.99 ,265.56 
2021/4/13,263.43 ,29179690 ,264.70 ,268.28 ,261.25 
2021/4/12,254.50 ,30534340 ,264.57 ,265.00 ,254.04 
2021/4/11,264.69 ,15289300 ,258.80 ,265.00 ,255.20 
2021/4/10,253.83 ,14692990 ,256.03 ,258.90 ,252.30 
2021/4/9,260.76 ,10244930 ,259.17 ,261.57 ,257.33 
2021/4/8,260.25 ,16050390 ,265.13 ,265.92 ,259.95 
2021/4/7,265.92 ,14681230 ,263.80 ,266.00 ,261.12 
2021/4/6,261.38 ,19478550 ,263.62 ,265.20 ,257.85 
2021/4/5,258.62 ,13518250 ,256.80 ,260.33 ,255.50 
2021/4/4,260.00 ,20709880 ,264.13 ,264.60 ,257.90 
2021/4/3,265.49 ,44640840 ,267.50 ,269.00 ,262.70 
2021/4/2,251.65 ,23681890 ,250.00 ,252.88 ,246.99 
2021/4/1,243.46 ,21561650 ,246.25 ,246.99 ,242.15 
2021/3/31,242.98 ,31381640 ,245.31 ,245.70 ,241.47 
2021/3/30,235.30 ,38805070 ,229.94 ,240.49 ,226.29 
2021/3/29,225.60 ,19042930 ,228.39 ,229.75 ,225.14 
2021/3/28,227.37 ,23036860 ,229.90 ,230.82 ,225.86 
2021/3/27,236.19 ,34884940 ,227.88 ,238.60 ,226.68 
2021/3/26,226.90 ,49361840 ,229.31 ,229.95 ,220.09 
2021/3/25,227.61 ,37146060 ,234.95 ,238.30 ,225.86 
2021/3/24,240.40 ,35823830 ,229.05 ,240.76 ,228.12 
2021/3/23,227.85 ,24897860 ,226.50 ,230.38 ,225.04 
2021/3/22,232.73 ,23451850 ,237.46 ,238.92 ,231.03 
2021/3/21,238.39 ,44812300 ,243.35 ,243.39 ,234.65 
2021/3/20,236.26 ,69715950 ,231.76 ,239.19 ,229.60 
2021/3/19,222.36 ,73512100 ,216.88 ,224.99 ,215.32 
2021/3/18,222.00 ,141830000 ,228.24 ,229.90 ,211.23 
2021/3/17,256.18 ,10729150 ,255.50 ,257.35 ,252.53 
2021/3/16,255.83 ,11485740 ,257.87 ,258.34 ,255.41 
2021/3/15,260.43 ,10901780 ,255.17 ,260.46 ,254.50 
2021/3/14,260.00 ,15981760 ,263.90 ,264.90 ,259.20 
2021/3/13,264.43 ,14306570 ,264.70 ,264.85 ,260.20 
2021/3/12,261.89 ,15804750 ,257.74 ,263.18 ,257.04 
2021/3/11,255.11 ,16595640 ,255.34 ,255.68 ,252.30 
2021/3/10,256.03 ,18369890 ,260.32 ,260.86 ,256.03 
2021/3/9,264.54 ,7771290 ,264.29 ,265.32 ,262.50 
2021/3/8,264.87 ,10290250 ,261.99 ,266.09 ,261.20 
2021/3/7,263.80 ,9060730 ,267.56 ,267.91 ,263.10 
2021/3/6,266.09 ,9447654 ,265.20 ,268.40 ,263.87 
2021/3/5,264.00 ,11388710 ,265.70 ,265.97 ,262.60 
2021/3/4,267.25 ,15527570 ,271.02 ,271.30 ,266.27 
2021/3/3,266.91 ,15520490 ,263.78 ,268.60 ,263.14 
2021/3/2,261.32 ,13919670 ,262.00 ,263.10 ,260.11 
2021/3/1,264.01 ,14606290 ,265.47 ,265.67 ,261.57 
2021/2/28,263.36 ,30476120 ,268.97 ,268.97 ,262.52 
2021/2/27,276.48 ,9583197 ,278.80 ,278.92 ,275.67 
2021/2/26,277.72 ,15229300 ,275.70 ,279.33 ,274.05 
2021/2/25,279.96 ,20660480 ,276.24 ,280.61 ,272.80 
2021/2/24,270.11 ,25317120 ,274.75 ,275.73 ,266.41 
2021/2/23,270.74 ,34178420 ,263.97 ,272.37 ,261.90 
2021/2/22,259.89 ,20752830 ,255.00 ,261.40 ,253.56 
2021/2/21,255.83 ,28307120 ,257.76 ,258.31 ,252.55 
2021/2/20,256.80 ,19739460 ,260.28 ,260.28 ,256.54 
2021/2/19,258.31 ,20864160 ,260.42 ,262.57 ,257.03 
2021/2/18,260.84 ,33919960 ,264.72 ,265.44 ,257.17 
2021/2/17,264.31 ,27181050 ,271.04 ,271.20 ,263.04 
2021/2/16,265.65 ,41698980 ,261.92 ,271.92 ,261.21 
2021/2/15,266.54 ,61063980 ,279.97 ,280.00 ,264.33 
2021/2/14,290.53 ,22559870 ,303.77 ,304.00 ,290.50 
2021/2/13,299.95 ,25259570 ,291.49 ,300.89 ,289.79 
2021/2/12,287.75 ,49885850 ,289.09 ,291.25 ,279.60 
2021/2/11,295.71 ,28791200 ,287.79 ,299.17 ,285.30 
2021/2/10,285.57 ,58132490 ,286.20 ,294.28 ,280.78 
2021/2/9,310.84 ,11857640 ,310.95 ,311.44 ,305.39 
2021/2/8,304.69 ,14923850 ,308.55 ,310.83 ,300.19 
2021/2/7,312.56 ,11174520 ,309.44 ,315.58 ,308.91 
2021/2/6,307.94 ,13644450 ,313.50 ,313.50 ,306.00 
2021/2/5,317.14 ,13175870 ,307.75 ,319.32 ,305.61 
2021/2/4,306.87 ,9350118 ,309.92 ,315.46 ,303.20 
2021/2/3,309.92 ,6231438 ,307.27 ,310.33 ,304.06 
2021/2/2,306.28 ,8013083 ,311.46 ,311.85 ,304.21 
2021/2/1,307.97 ,11139660 ,311.75 ,314.00 ,307.70 
2021/1/31,309.81 ,8806118 ,307.60 ,311.80 ,307.06 
2021/1/30,305.29 ,14107280 ,309.89 ,313.81 ,303.41 
2021/1/29,307.31 ,12346460 ,303.99 ,310.00 ,302.95 
2021/1/28,299.46 ,9709898 ,293.80 ,299.86 ,292.61 
2021/1/27,301.04 ,15186390 ,309.00 ,309.96 ,300.80 
2021/1/26,308.78 ,10898540 ,306.36 ,310.01 ,303.03 
2021/1/25,306.34 ,14780070 ,303.95 ,309.64 ,301.28 
2021/1/24,299.74 ,11442250 ,298.55 ,302.61 ,297.74 
2021/1/23,300.54 ,15105810 ,298.11 ,302.30 ,295.44 
2021/1/22,296.50 ,16669300 ,297.99 ,299.51 ,292.87 
2021/1/21,292.39 ,15860390 ,287.41 ,296.84 ,286.91 
2021/1/20,288.27 ,17876410 ,289.06 ,290.00 ,284.88 
2021/1/19,288.17 ,11482750 ,286.62 ,291.98 ,286.51 
2021/1/18,290.05 ,16304020 ,295.26 ,295.59 ,288.25 
2021/1/17,293.98 ,24777740 ,284.01 ,295.00 ,283.71 
2021/1/16,276.93 ,7679306 ,275.43 ,279.30 ,274.90 
2021/1/15,276.01 ,8761678 ,275.53 ,278.84 ,274.20 
2021/1/14,271.09 ,11466560 ,267.57 ,271.81 ,264.56 
2021/1/13,269.73 ,9562132 ,267.93 ,271.25 ,267.33 
2021/1/12,272.95 ,7353201 ,275.40 ,277.83 ,271.50 
2021/1/11,275.29 ,9673302 ,276.02 ,276.32 ,270.05 
2021/1/10,273.82 ,9076431 ,269.10 ,274.22 ,266.40 
2021/1/9,272.41 ,11753470 ,275.98 ,277.27 ,270.55 
2021/1/8,275.72 ,8016913 ,273.11 ,275.90 ,272.32 
2021/1/7,278.14 ,9591242 ,281.03 ,283.61 ,278.00 
2021/1/6,277.96 ,8291360 ,278.00 ,279.10 ,274.80 
2021/1/5,274.10 ,7883271 ,275.36 ,276.29 ,271.76 
2021/1/4,271.61 ,9412804 ,272.63 ,274.53 ,268.12 
2021/1/3,267.55 ,10676760 ,274.90 ,277.10 ,267.40 
2021/1/2,273.15 ,9465664 ,274.45 ,275.64 ,270.88 
2021/1/1,270.02 ,12734050 ,270.23 ,273.97 ,266.59 
2020/12/31,281.39 ,15885840 ,279.60 ,283.78 ,267.39 
2020/12/30,282.50 ,16766250 ,289.00 ,290.73 ,278.16 
2020/12/29,296.07 ,12638550 ,299.00 ,299.00 ,289.79 
2020/12/28,298.00 ,13815920 ,289.20 ,298.00 ,288.87 
2020/12/27,287.03 ,13253800 ,288.62 ,289.19 ,283.61 
2020/12/26,289.00 ,9689610 ,285.09 ,289.50 ,283.57 
2020/12/25,284.17 ,14805800 ,290.17 ,290.25 ,282.10 
2020/12/24,291.96 ,19530250 ,289.26 ,292.48 ,284.10 
2020/12/23,286.00 ,27535470 ,278.06 ,289.12 ,276.04 
2020/12/22,276.02 ,22475760 ,273.24 ,276.97 ,271.62 
2020/12/21,265.80 ,25648220 ,259.03 ,267.43 ,258.31 
2020/12/20,257.97 ,21460770 ,256.89 ,258.88 ,254.18 
2020/12/19,260.59 ,14096510 ,260.89 ,261.29 ,257.38 
2020/12/18,259.20 ,13267830 ,258.71 ,261.42 ,256.06 
2020/12/17,256.96 ,9759984 ,253.00 ,257.38 ,250.09 
2020/12/16,253.97 ,7876422 ,255.49 ,255.77 ,251.64 
2020/12/15,253.72 ,8794502 ,256.39 ,256.97 ,252.88 
2020/12/14,255.19 ,11120390 ,249.25 ,256.08 ,248.68 
2020/12/13,248.42 ,10681760 ,251.29 ,252.88 ,247.83 
2020/12/12,248.13 ,13621710 ,249.34 ,251.75 ,246.10 
2020/12/11,252.10 ,22529640 ,257.41 ,257.76 ,247.57 
2020/12/10,265.68 ,10359470 ,263.42 ,265.70 ,259.20 
2020/12/9,264.91 ,10729170 ,263.74 ,265.98 ,261.76 
2020/12/8,262.20 ,10994460 ,260.08 ,262.56 ,258.82 
2020/12/7,257.94 ,11534530 ,254.02 ,260.65 ,254.00 
2020/12/6,251.02 ,12310670 ,254.20 ,254.40 ,248.10 
2020/12/5,252.74 ,7032900 ,251.70 ,253.86 ,249.62 
2020/12/4,252.45 ,11493580 ,250.34 ,254.30 ,250.10 
2020/12/3,249.05 ,9878735 ,251.15 ,251.65 ,248.53 
2020/12/2,250.86 ,18966860 ,247.11 ,252.87 ,245.81 
2020/12/1,249.00 ,17221470 ,244.96 ,249.48 ,241.89 
2020/11/30,251.88 ,25711960 ,252.10 ,257.66 ,248.69 
2020/11/29,251.70 ,19682210 ,255.76 ,256.27 ,249.60 
2020/11/28,257.90 ,17130280 ,261.21 ,261.92 ,256.52 
2020/11/27,254.81 ,19014960 ,256.45 ,257.67 ,252.43 
2020/11/26,247.14 ,18752950 ,246.55 ,247.93 ,244.48 
2020/11/25,242.50 ,18032140 ,241.77 ,245.05 ,240.74 
2020/11/24,249.21 ,12614710 ,251.48 ,252.50 ,246.54 
2020/11/23,248.58 ,19782610 ,246.57 ,249.75 ,241.23 
2020/11/22,251.67 ,21568750 ,261.45 ,265.66 ,250.68 
2020/11/21,261.01 ,20335040 ,260.21 ,261.90 ,255.71 
2020/11/20,261.58 ,36803870 ,265.55 ,268.00 ,255.91 
2020/11/19,257.68 ,39922720 ,244.86 ,258.49 ,244.02 
2020/11/18,236.51 ,16491640 ,241.01 ,241.30 ,236.13 
2020/11/17,240.00 ,33702920 ,233.31 ,240.48 ,232.82 
2020/11/16,223.60 ,18128690 ,221.85 ,225.03 ,220.06 
2020/11/15,215.95 ,11788090 ,215.81 ,216.55 ,214.74 
2020/11/14,215.70 ,12933790 ,215.74 ,216.43 ,212.89 
2020/11/13,215.02 ,12333040 ,215.03 ,216.50 ,211.82 
2020/11/12,215.71 ,19340640 ,222.21 ,222.26 ,213.50 
2020/11/11,222.16 ,14953100 ,224.59 ,224.69 ,220.87 
2020/11/10,226.22 ,12159460 ,228.30 ,231.03 ,224.25 
2020/11/9,228.75 ,18263430 ,225.12 ,230.23 ,224.53 
2020/11/8,221.41 ,13303570 ,220.92 ,222.08 ,219.45 
2020/11/7,220.64 ,19545190 ,226.38 ,226.50 ,220.09 
2020/11/6,223.54 ,10358780 ,223.74 ,226.03 ,222.92 
2020/11/5,224.25 ,12486740 ,224.40 ,225.00 ,222.50 
2020/11/4,222.62 ,17212390 ,221.00 ,224.84 ,220.10 
2020/11/3,217.03 ,17419860 ,214.11 ,217.72 ,212.75 
2020/11/2,217.64 ,12716540 ,218.50 ,219.50 ,213.88 
2020/11/1,215.24 ,15560260 ,218.00 ,219.95 ,213.56 
2020/10/31,223.68 ,13372410 ,222.00 ,225.00 ,220.60 
2020/10/30,220.72 ,14140090 ,216.31 ,220.72 ,216.20 
2020/10/29,219.00 ,12731210 ,219.60 ,220.40 ,215.33 
2020/10/28,219.55 ,11983200 ,220.00 ,220.59 ,218.70 
2020/10/27,218.04 ,14962420 ,217.28 ,220.00 ,216.32 
2020/10/26,218.61 ,19999510 ,215.60 ,218.97 ,213.75 
2020/10/25,214.33 ,22485810 ,207.21 ,214.57 ,207.17 
2020/10/24,206.57 ,16169730 ,205.90 ,207.20 ,203.94 
2020/10/23,207.39 ,43211480 ,200.00 ,207.88 ,196.70 
2020/10/22,199.49 ,18787180 ,199.00 ,202.37 ,197.62 
2020/10/21,201.18 ,23605370 ,202.99 ,202.99 ,196.75 
2020/10/20,201.72 ,28683230 ,205.94 ,206.80 ,201.00 
2020/10/19,199.70 ,51979250 ,203.23 ,204.88 ,198.99 
2020/10/18,212.16 ,29850680 ,211.29 ,214.58 ,209.53 
2020/10/17,216.79 ,38324070 ,220.00 ,221.16 ,210.58 
2020/10/16,217.20 ,21438090 ,216.73 ,220.59 ,215.19 
2020/10/15,215.28 ,23646770 ,212.50 ,215.47 ,210.37 
2020/10/14,203.68 ,17209460 ,200.70 ,204.49 ,200.10 
2020/10/13,201.30 ,20025900 ,195.50 ,201.77 ,194.03 
2020/10/12,199.46 ,22429700 ,203.62 ,204.68 ,197.98 
2020/10/11,200.31 ,17826810 ,206.95 ,208.05 ,200.02 
2020/10/10,205.40 ,17920670 ,202.78 ,206.64 ,202.38 
2020/10/9,201.19 ,23830130 ,199.80 ,203.02 ,198.68 
2020/10/8,196.49 ,16164640 ,198.00 ,198.09 ,194.78 
2020/10/7,195.17 ,18598890 ,197.67 ,198.91 ,194.93 
2020/10/6,195.02 ,22957250 ,196.38 ,198.27 ,194.20 
2020/10/5,191.15 ,25709380 ,194.76 ,195.00 ,189.53 
2020/10/4,194.48 ,22276190 ,195.75 ,197.38 ,192.86 
2020/10/3,202.67 ,20107380 ,206.25 ,206.70 ,199.29 
2020/10/2,206.70 ,19117820 ,202.93 ,207.08 ,202.51 
2020/10/1,201.15 ,17203780 ,204.81 ,205.19 ,199.41 
2020/9/30,203.69 ,17286820 ,207.55 ,207.78 ,202.03 
2020/9/29,204.36 ,14682370 ,205.89 ,206.50 ,202.82 
2020/9/28,205.24 ,20424050 ,210.24 ,210.56 ,203.46 
2020/9/27,209.96 ,13486060 ,212.00 ,212.00 ,209.21 
2020/9/26,207.34 ,14107610 ,209.90 ,212.13 ,205.03 
2020/9/25,212.13 ,19295400 ,209.87 ,216.10 ,209.36 
2020/9/24,209.50 ,13558470 ,214.98 ,214.98 ,208.85 
2020/9/23,212.66 ,16353820 ,210.53 ,213.25 ,209.12 
2020/9/22,208.17 ,10768070 ,204.77 ,209.15 ,201.31 
2020/9/21,204.78 ,16757150 ,204.95 ,207.97 ,204.25 
2020/9/20,199.44 ,16117870 ,197.40 ,200.33 ,195.53 
2020/9/19,196.37 ,17821330 ,198.65 ,200.35 ,193.40 
2020/9/18,195.98 ,13607950 ,198.34 ,198.86 ,193.88 
2020/9/17,198.00 ,14934470 ,200.05 ,201.45 ,197.05 
2020/9/16,196.45 ,13248680 ,194.74 ,196.88 ,192.70 
2020/9/15,187.11 ,9483140 ,190.12 ,190.55 ,185.41 
2020/9/14,188.90 ,13412060 ,186.08 ,191.30 ,185.69 
2020/9/13,187.56 ,17948560 ,189.50 ,192.87 ,185.04 
2020/9/12,194.48 ,19084780 ,192.00 ,196.79 ,190.60 
2020/9/11,191.27 ,12254430 ,187.48 ,191.48 ,187.01 
2020/9/10,188.59 ,13376350 ,189.97 ,192.74 ,188.00 
2020/9/9,195.32 ,15426100 ,188.64 ,196.32 ,187.60 
2020/9/8,188.56 ,19605250 ,185.82 ,195.19 ,184.52 
2020/9/7,185.75 ,20801490 ,183.09 ,188.80 ,181.18 
2020/9/6,176.34 ,22554720 ,175.27 ,178.50 ,169.95 
2020/9/5,181.30 ,21006080 ,187.74 ,188.30 ,180.00 
2020/9/4,180.88 ,20905690 ,179.26 ,187.25 ,177.39 
2020/9/3,180.00 ,22054200 ,176.00 ,182.41 ,170.00 
2020/9/2,184.81 ,19276540 ,181.26 ,189.39 ,179.69 
2020/9/1,178.85 ,26628480 ,176.15 ,188.00 ,174.50 
2020/8/31,194.00 ,23650500 ,194.90 ,195.99 ,187.81 
2020/8/30,185.10 ,30247100 ,186.50 ,190.49 ,183.93 
2020/8/29,198.91 ,18931800 ,201.65 ,203.10 ,196.11 
2020/8/28,206.39 ,19022620 ,205.53 ,207.45 ,200.80 
2020/8/27,197.66 ,25502570 ,195.62 ,199.89 ,193.93 
2020/8/26,204.64 ,21700510 ,206.70 ,207.00 ,201.10 
2020/8/25,211.46 ,13462890 ,210.00 ,215.15 ,209.14 
2020/8/24,211.96 ,12474380 ,209.49 ,212.70 ,208.85 
2020/8/23,207.41 ,20813800 ,211.08 ,211.39 ,202.24 
2020/8/22,210.98 ,21542240 ,208.59 ,211.11 ,203.76 
2020/8/21,208.00 ,31276200 ,198.98 ,208.92 ,198.56 
2020/8/20,205.03 ,22741180 ,205.01 ,209.97 ,201.86 
2020/8/19,208.74 ,19544270 ,206.80 ,213.08 ,206.79 
2020/8/18,205.61 ,18132380 ,208.51 ,209.95 ,204.10 
2020/8/17,206.16 ,19380230 ,203.55 ,207.28 ,202.51 
2020/8/16,212.59 ,17700800 ,217.54 ,217.60 ,211.56 
2020/8/15,218.04 ,14950090 ,222.50 ,222.50 ,214.22 
2020/8/14,222.14 ,10798110 ,221.52 ,223.56 ,220.75 
2020/8/13,220.52 ,13024900 ,218.55 ,220.85 ,217.51 
2020/8/12,219.63 ,10689950 ,221.10 ,221.64 ,218.23 
2020/8/11,220.36 ,28069670 ,220.00 ,225.00 ,218.99 
2020/8/10,224.31 ,18671910 ,221.13 ,225.52 ,220.21 
2020/8/9,217.21 ,16073460 ,219.91 ,220.01 ,215.29 
2020/8/8,215.77 ,17420300 ,213.50 ,215.77 ,212.20 
2020/8/7,216.53 ,13790260 ,217.46 ,217.84 ,214.88 
2020/8/6,220.90 ,10790820 ,223.13 ,223.65 ,219.78 
2020/8/5,220.22 ,15766070 ,226.52 ,226.70 ,217.54 
2020/8/4,222.88 ,16695140 ,221.35 ,224.38 ,220.49 
2020/8/3,213.10 ,14131890 ,208.67 ,215.02 ,208.67 
2020/8/2,206.59 ,18181410 ,206.50 ,207.93 ,204.73 
2020/8/1,208.58 ,14376000 ,207.88 ,209.86 ,205.03 
2020/7/31,212.02 ,12896300 ,212.56 ,213.98 ,209.52 
2020/7/30,210.23 ,16196720 ,209.74 ,210.91 ,207.17 
2020/7/29,205.47 ,24574680 ,201.22 ,208.02 ,199.50 
2020/7/28,213.75 ,18143870 ,218.49 ,219.83 ,211.33 
2020/7/27,219.13 ,18519890 ,217.93 ,220.13 ,216.77 
2020/7/26,222.37 ,10059580 ,224.69 ,225.58 ,222.00 
2020/7/25,222.26 ,15831090 ,222.45 ,222.60 ,220.73 
2020/7/24,227.43 ,12956200 ,225.90 ,228.00 ,225.35 
2020/7/23,223.94 ,13712550 ,226.30 ,226.33 ,222.73 
2020/7/22,225.06 ,10743370 ,226.65 ,227.82 ,224.39 
2020/7/21,226.49 ,17302160 ,230.05 ,230.18 ,224.88 
2020/7/20,230.48 ,17571890 ,228.81 ,231.14 ,227.04 
2020/7/19,223.83 ,12302130 ,223.90 ,225.96 ,222.06 
2020/7/18,221.78 ,13143890 ,221.50 ,223.08 ,220.82 
2020/7/17,218.00 ,11983090 ,216.60 ,220.65 ,216.32 
2020/7/16,217.63 ,9539012 ,217.64 ,218.94 ,216.69 
2020/7/15,216.64 ,11892480 ,214.89 ,217.16 ,214.09 
2020/7/14,217.00 ,8608281 ,216.35 ,218.20 ,216.01 
2020/7/13,219.77 ,15882900 ,216.60 ,219.98 ,216.54 
2020/7/12,212.10 ,6776071 ,212.00 ,213.64 ,210.73 
2020/7/11,212.91 ,8745942 ,215.78 ,215.78 ,211.76 
2020/7/10,215.47 ,11678670 ,217.99 ,218.11 ,215.17 
2020/7/9,216.38 ,6917445 ,214.65 ,216.99 ,214.33 
2020/7/8,214.26 ,5522987 ,215.01 ,215.43 ,213.35 
2020/7/7,214.83 ,12538760 ,213.25 ,215.05 ,212.91 
2020/7/6,212.25 ,26672840 ,211.35 ,213.98 ,210.42 
2020/7/5,210.13 ,12168470 ,209.61 ,211.37 ,209.23 
2020/7/4,210.00 ,13497200 ,208.53 ,210.05 ,208.04 
2020/7/3,208.18 ,11299100 ,208.69 ,208.87 ,206.82 
2020/7/2,206.97 ,16744470 ,206.33 ,209.15 ,206.19 
2020/7/1,204.91 ,19283800 ,205.76 ,207.10 ,203.77 
2020/6/30,204.50 ,22494330 ,203.71 ,206.00 ,202.00 
2020/6/29,204.64 ,11770950 ,201.10 ,204.80 ,200.72 
2020/6/28,200.45 ,11635950 ,200.71 ,202.48 ,199.23 
2020/6/27,198.74 ,14340920 ,200.32 ,203.43 ,198.55 
2020/6/26,201.89 ,14095650 ,201.11 ,202.00 ,199.51 
2020/6/25,200.00 ,22310250 ,196.93 ,200.94 ,196.43 
2020/6/24,193.74 ,14862560 ,195.53 ,196.66 ,193.23 
2020/6/23,194.90 ,18440370 ,190.97 ,195.00 ,189.85 
2020/6/22,196.31 ,19414420 ,198.58 ,198.67 ,193.51 
2020/6/21,200.00 ,18593110 ,199.81 ,200.43 ,198.35 
2020/6/20,200.82 ,33129380 ,197.24 ,200.98 ,197.00 
2020/6/19,194.70 ,51885410 ,190.39 ,195.00 ,189.04 
2020/6/18,190.45 ,19193460 ,188.32 ,190.72 ,187.88 
2020/6/17,186.78 ,10541030 ,185.80 ,186.78 ,183.94 
2020/6/16,184.86 ,10254740 ,181.77 ,184.89 ,181.60 
2020/6/15,182.35 ,16694400 ,183.67 ,183.70 ,181.06 
2020/6/14,185.25 ,13457360 ,186.31 ,186.71 ,183.87 
2020/6/13,184.61 ,11830910 ,186.98 ,186.98 ,184.16 
2020/6/12,185.49 ,11312540 ,184.00 ,185.60 ,183.71 
2020/6/11,182.80 ,12750090 ,182.87 ,184.50 ,181.32 
2020/6/10,182.48 ,15428500 ,185.47 ,185.67 ,181.00 
2020/6/9,186.97 ,11797650 ,185.91 ,187.65 ,185.14 
2020/6/8,186.71 ,20572430 ,184.82 ,187.20 ,181.37 
2020/6/7,187.16 ,19737270 ,187.90 ,188.28 ,185.15 
2020/6/6,186.66 ,20162590 ,187.07 ,188.07 ,184.69 
2020/6/5,184.16 ,14834860 ,183.61 ,185.00 ,182.20 
2020/6/4,182.00 ,23690170 ,181.42 ,183.20 ,180.31 
2020/6/3,179.69 ,44541240 ,180.66 ,182.40 ,178.02 
2020/6/2,176.46 ,28924120 ,179.01 ,182.12 ,176.06 
2020/6/1,176.67 ,15119040 ,179.16 ,179.24 ,175.50 
2020/5/31,177.53 ,10213240 ,175.42 ,177.88 ,173.94 
2020/5/30,176.89 ,8026377 ,177.06 ,177.74 ,175.44 
2020/5/29,178.68 ,11739620 ,176.50 ,179.64 ,176.41 
2020/5/28,174.31 ,9891760 ,171.56 ,175.81 ,170.88 
2020/5/27,172.55 ,7443497 ,171.28 ,172.75 ,170.21 
2020/5/26,169.92 ,8906763 ,170.45 ,171.04 ,168.12 
2020/5/25,169.89 ,10917330 ,174.53 ,175.36 ,169.26 
2020/5/24,173.52 ,9055175 ,172.64 ,173.91 ,170.87 
2020/5/23,169.13 ,14585650 ,176.00 ,176.23 ,169.00 
2020/5/22,176.85 ,8032763 ,178.00 ,178.59 ,175.23 
2020/5/21,177.12 ,10903840 ,175.80 ,177.35 ,174.12 
2020/5/20,175.29 ,13814340 ,172.91 ,176.75 ,172.69 
2020/5/19,171.16 ,7859737 ,172.84 ,173.34 ,170.79 
2020/5/18,172.94 ,19369500 ,170.77 ,174.88 ,169.57 
2020/5/17,166.07 ,11537760 ,165.96 ,168.57 ,164.09 
2020/5/16,165.19 ,11189390 ,165.50 ,166.58 ,163.42 
2020/5/15,161.93 ,15936340 ,164.30 ,165.22 ,161.68 
2020/5/14,168.32 ,12034720 ,168.83 ,172.30 ,167.21 
2020/5/13,170.34 ,8856039 ,169.60 ,170.70 ,167.56 
2020/5/12,169.48 ,10391650 ,166.65 ,170.18 ,165.00 
2020/5/11,165.77 ,11595460 ,162.82 ,166.88 ,161.90 
2020/5/10,165.15 ,14194190 ,168.01 ,168.23 ,163.64 
2020/5/9,167.23 ,14945170 ,169.89 ,170.20 ,166.45 
2020/5/8,165.98 ,33312610 ,176.00 ,176.50 ,163.15 
2020/5/7,175.00 ,10004680 ,177.00 ,178.23 ,174.83 
2020/5/6,176.66 ,11842490 ,172.30 ,176.99 ,171.72 
2020/5/5,171.55 ,14549170 ,179.17 ,179.49 ,171.30 
2020/5/4,176.98 ,14146710 ,181.25 ,181.33 ,176.80 
2020/5/3,182.51 ,24822060 ,182.31 ,183.82 ,178.84 
2020/5/2,180.46 ,15160790 ,180.90 ,184.13 ,180.43 
2020/5/1,180.00 ,9288193 ,179.15 ,180.17 ,177.58 
2020/4/30,179.00 ,7573188 ,176.85 ,179.12 ,176.05 
2020/4/29,177.07 ,10725140 ,177.75 ,179.17 ,175.37 
2020/4/28,179.17 ,9479740 ,179.74 ,180.18 ,178.61 
2020/4/27,178.24 ,12509430 ,177.89 ,180.50 ,177.00 
2020/4/26,176.09 ,7039290 ,176.00 ,176.66 ,174.15 
2020/4/25,174.99 ,9834972 ,176.28 ,176.30 ,172.22 
2020/4/24,177.78 ,6931743 ,177.88 ,177.99 ,175.86 
2020/4/23,176.69 ,8303976 ,179.01 ,179.22 ,176.21 
2020/4/22,178.94 ,11168480 ,176.88 ,178.95 ,176.52 
2020/4/21,174.33 ,7215487 ,176.26 ,176.55 ,173.99 
2020/4/20,172.41 ,8509527 ,173.00 ,174.72 ,172.15 
2020/4/19,175.03 ,10304870 ,174.35 ,175.25 ,172.66 
2020/4/18,172.81 ,11577240 ,171.00 ,173.96 ,170.95 
2020/4/17,167.48 ,9510283 ,164.64 ,168.00 ,164.20 
2020/4/16,166.20 ,12783690 ,167.20 ,168.19 ,165.19 
2020/4/15,165.90 ,8648151 ,166.49 ,167.45 ,165.53 
2020/4/14,164.54 ,20909800 ,169.69 ,171.49 ,163.83 
2020/4/13,171.91 ,11578160 ,174.10 ,174.98 ,170.50 
2020/4/12,175.24 ,10627500 ,177.22 ,178.50 ,174.89 
2020/4/11,177.21 ,10339620 ,175.91 ,177.99 ,175.62 
2020/4/10,178.28 ,16012800 ,177.43 ,178.80 ,175.59 
2020/4/9,174.60 ,25952540 ,170.00 ,177.55 ,168.57 
2020/4/8,166.97 ,36343490 ,170.11 ,171.00 ,164.36 
2020/4/7,162.06 ,20803680 ,161.34 ,163.00 ,159.21 
2020/4/6,164.03 ,23247910 ,160.64 ,167.36 ,159.57 
2020/4/5,159.31 ,14424360 ,157.50 ,159.38 ,155.54 
2020/4/4,159.12 ,11894290 ,160.98 ,161.99 ,159.11 
2020/4/3,162.22 ,19267700 ,161.71 ,162.30 ,159.12 
2020/4/2,159.17 ,17917380 ,155.73 ,159.48 ,155.30 
2020/4/1,157.43 ,24996280 ,158.48 ,158.73 ,156.11 
2020/3/31,153.67 ,28912590 ,155.03 ,157.23 ,151.85 
2020/3/30,161.00 ,27104670 ,162.56 ,163.85 ,160.35 
2020/3/29,165.65 ,32728170 ,174.54 ,175.71 ,162.10 
2020/3/28,173.11 ,14628870 ,173.71 ,174.89 ,170.09 
2020/3/27,174.10 ,14300640 ,174.25 ,175.71 ,172.89 
2020/3/26,177.02 ,15130310 ,178.43 ,179.88 ,175.35 
2020/3/25,178.74 ,15281020 ,178.25 ,179.40 ,176.88 
2020/3/24,177.29 ,14048990 ,178.49 ,179.15 ,175.37 
2020/3/23,178.67 ,14933110 ,178.00 ,178.96 ,176.94 
2020/3/22,178.09 ,20881550 ,175.39 ,178.64 ,174.85 
2020/3/21,174.00 ,18497920 ,173.50 ,174.28 ,171.44 
2020/3/20,172.99 ,13647240 ,174.87 ,175.15 ,172.99 
2020/3/19,172.80 ,15613200 ,173.41 ,174.40 ,172.06 
2020/3/18,174.82 ,15031590 ,172.75 ,176.22 ,172.49 
2020/3/17,174.19 ,19039650 ,174.20 ,175.52 ,173.46 
2020/3/16,173.50 ,22199050 ,171.50 ,173.75 ,170.42 
2020/3/15,169.07 ,18103650 ,168.00 ,170.20 ,167.65 
2020/3/14,166.55 ,14796400 ,167.56 ,168.42 ,165.00 
2020/3/13,166.93 ,16675580 ,171.24 ,171.37 ,166.86 
2020/3/12,168.80 ,15782800 ,167.09 ,168.98 ,166.50 
2020/3/11,168.45 ,16531020 ,170.09 ,170.28 ,168.35 
2020/3/10,173.30 ,12618590 ,173.75 ,173.82 ,172.82 
2020/3/9,174.67 ,8532590 ,175.69 ,175.85 ,173.85 
2020/3/8,175.45 ,14155170 ,175.13 ,175.55 ,174.25 
2020/3/7,175.05 ,25911000 ,175.87 ,177.95 ,174.36 
2020/3/6,169.45 ,19974260 ,170.20 ,170.89 ,167.96 
2020/3/5,170.90 ,18349360 ,170.62 ,171.98 ,169.38 
2020/3/4,168.99 ,22416440 ,168.28 ,171.24 ,168.15 
2020/3/3,165.80 ,20447750 ,167.04 ,167.34 ,164.62 
2020/3/2,168.10 ,18422560 ,168.40 ,168.88 ,165.78 
2020/3/1,167.55 ,17415780 ,167.48 ,169.47 ,166.77 
2020/2/29,168.25 ,24004750 ,170.19 ,170.48 ,166.28 
2020/2/28,165.46 ,20798070 ,167.77 ,167.90 ,163.42 
2020/2/27,165.51 ,35754830 ,162.89 ,169.11 ,161.95 
2020/2/26,159.91 ,16079840 ,157.53 ,160.55 ,157.42 
2020/2/25,158.10 ,14981550 ,158.37 ,158.71 ,157.23 
2020/2/24,160.33 ,17571390 ,160.55 ,161.32 ,159.80 
2020/2/23,160.04 ,16329290 ,160.47 ,161.70 ,158.81 
2020/2/22,162.65 ,23408400 ,164.20 ,165.68 ,161.92 
2020/2/21,159.85 ,36473290 ,158.78 ,161.98 ,157.40 
2020/2/20,154.23 ,17817820 ,152.95 ,155.69 ,152.21 
2020/2/19,151.50 ,15762950 ,152.00 ,152.70 ,150.57 
2020/2/18,151.65 ,23208590 ,155.17 ,156.11 ,149.31 
2020/2/17,154.15 ,27417250 ,151.56 ,155.20 ,150.64 
2020/2/16,149.91 ,25254430 ,149.60 ,151.77 ,148.85 
2020/2/15,149.26 ,26881220 ,149.63 ,150.68 ,147.95 
2020/2/14,151.07 ,17344650 ,152.36 ,153.37 ,150.25 
2020/2/13,152.48 ,30073140 ,153.58 ,154.39 ,150.71 
2020/2/12,154.81 ,38602960 ,156.40 ,157.07 ,153.22 
2020/2/11,155.00 ,21489720 ,157.62 ,158.43 ,154.90 
2020/2/10,156.00 ,26891860 ,155.45 ,158.48 ,154.41 
2020/2/9,158.83 ,25831220 ,162.41 ,162.82 ,158.07 
2020/2/8,163.43 ,22006150 ,163.16 ,165.59 ,162.52 
2020/2/7,160.65 ,33413830 ,164.44 ,164.57 ,160.02 
2020/2/6,169.57 ,22539380 ,171.69 ,172.29 ,168.49 
2020/2/5,175.57 ,20579210 ,178.18 ,178.25 ,174.75 
2020/2/4,177.60 ,37610420 ,177.06 ,180.24 ,173.32 
2020/2/3,174.84 ,17874110 ,172.75 ,175.15 ,171.48 
2020/2/2,170.01 ,22330740 ,169.79 ,172.47 ,168.78 
2020/2/1,178.00 ,18986990 ,180.18 ,180.79 ,174.10 
2020/1/31,179.04 ,22727750 ,175.43 ,180.70 ,173.07 
2020/1/30,179.59 ,16611100 ,180.95 ,183.20 ,178.58 
2020/1/29,181.43 ,22663250 ,186.05 ,186.45 ,179.63 
2020/1/28,188.24 ,23941220 ,185.17 ,189.00 ,184.83 
2020/1/27,195.21 ,14521100 ,191.88 ,195.72 ,191.88 
2020/1/26,190.39 ,11468110 ,189.42 ,192.70 ,186.65 
2020/1/25,189.31 ,17405480 ,186.75 ,193.20 ,185.88 
2020/1/24,185.57 ,14936460 ,186.30 ,188.25 ,183.82 
2020/1/23,186.94 ,8654876 ,187.42 ,188.00 ,185.76 
2020/1/22,187.09 ,9417003 ,187.88 ,188.74 ,185.51 
2020/1/21,187.88 ,10292050 ,185.24 ,188.13 ,183.96 
2020/1/20,185.67 ,9070708 ,186.76 ,186.90 ,184.58 
2020/1/19,187.29 ,11393960 ,186.00 ,188.15 ,185.44 
2020/1/18,185.38 ,8675504 ,184.50 ,186.47 ,183.61 
2020/1/17,186.94 ,7881820 ,186.41 ,187.28 ,185.39 
2020/1/16,187.55 ,11608570 ,187.34 ,188.20 ,185.78 
2020/1/15,185.78 ,12173550 ,185.55 ,185.79 ,183.40 
2020/1/14,183.07 ,14610190 ,188.06 ,188.17 ,182.56 
2020/1/13,188.91 ,12561090 ,187.71 ,189.79 ,187.14 
2020/1/12,184.98 ,8848863 ,185.15 ,186.06 ,183.75 
2020/1/11,186.19 ,10650950 ,186.69 ,187.40 ,184.00 
2020/1/10,187.19 ,11571350 ,186.49 ,187.89 ,186.16 
2020/1/9,186.50 ,14715210 ,184.19 ,187.82 ,184.01 
2020/1/8,185.35 ,18690730 ,182.51 ,185.50 ,182.00 
2020/1/7,181.07 ,16988950 ,177.04 ,181.96 ,176.89 
2020/1/6,178.32 ,26806500 ,179.51 ,180.70 ,176.76 
2020/1/5,181.74 ,7802597 ,181.46 ,183.56 ,180.95 
2020/1/4,180.89 ,12700610 ,185.09 ,185.56 ,180.89 
2020/1/3,182.45 ,13839900 ,180.73 ,182.60 ,179.00 
2020/1/2,177.73 ,7225447 ,177.47 ,178.53 ,175.97 
2020/1/1,177.03 ,8363301 ,177.70 ,179.83 ,176.91 
2019/12/31,178.08 ,7750467 ,179.70 ,180.65 ,177.10 
2019/12/30,178.77 ,7489573 ,174.33 ,178.90 ,174.10 
2019/12/29,176.26 ,11669970 ,179.77 ,180.48 ,175.34 
2019/12/28,181.50 ,9726780 ,178.95 ,181.73 ,178.52 
2019/12/27,181.28 ,15891540 ,180.94 ,181.95 ,178.43 
2019/12/26,182.14 ,9750742 ,181.63 ,183.36 ,180.85 
2019/12/25,181.83 ,7828454 ,181.93 ,182.89 ,180.76 
2019/12/24,180.97 ,10815920 ,180.66 ,181.45 ,179.66 
2019/12/23,180.36 ,9264161 ,179.06 ,180.82 ,178.01 
2019/12/22,180.70 ,8733055 ,180.73 ,182.54 ,179.26 
2019/12/21,180.63 ,8654447 ,182.04 ,182.18 ,179.51 
2019/12/20,180.41 ,13742250 ,177.83 ,181.72 ,177.58 
2019/12/19,175.03 ,14664220 ,171.57 ,175.35 ,171.57 
2019/12/18,177.32 ,16464060 ,180.91 ,181.80 ,176.73 
2019/12/17,184.17 ,10001170 ,184.38 ,185.59 ,183.02 
2019/12/16,185.00 ,11494680 ,186.94 ,188.08 ,185.00 
2019/12/15,187.25 ,14736020 ,186.00 ,187.34 ,184.46 
2019/12/14,183.88 ,14284680 ,185.09 ,186.90 ,183.38 
2019/12/13,183.03 ,12348160 ,183.01 ,184.30 ,181.47 
2019/12/12,184.58 ,16727160 ,181.72 ,184.93 ,180.88 
2019/12/11,183.54 ,13853070 ,179.79 ,184.35 ,179.37 
2019/12/10,183.25 ,22759390 ,181.26 ,183.72 ,180.73 
2019/12/9,176.92 ,16161830 ,172.80 ,177.02 ,172.52 
2019/12/8,171.66 ,8419851 ,171.00 ,171.78 ,169.80 
2019/12/7,170.71 ,12447060 ,171.00 ,172.68 ,170.61 
2019/12/6,170.18 ,12968380 ,166.98 ,171.15 ,166.50 
2019/12/5,166.15 ,11983190 ,168.61 ,168.77 ,165.41 
2019/12/4,168.38 ,8710486 ,167.64 ,168.50 ,166.61 
2019/12/3,169.40 ,8643489 ,169.91 ,171.05 ,168.99 
2019/12/2,168.71 ,8577821 ,169.60 ,170.49 ,168.61 
2019/12/1,167.45 ,7234323 ,168.85 ,170.33 ,167.45 
2019/11/30,167.36 ,8325668 ,163.83 ,167.65 ,163.75 
2019/11/29,166.96 ,11874190 ,169.16 ,169.61 ,164.34 
2019/11/28,171.52 ,11263040 ,171.86 ,173.09 ,169.99 
2019/11/27,171.83 ,12737790 ,168.55 ,171.95 ,168.00 
2019/11/26,166.70 ,7373118 ,166.32 ,167.55 ,165.61 
2019/11/25,167.97 ,10766660 ,168.00 ,169.40 ,167.63 
2019/11/24,168.49 ,21195890 ,167.80 ,169.73 ,165.70 
2019/11/23,166.82 ,36958510 ,161.29 ,167.84 ,160.50 
2019/11/22,156.88 ,18302160 ,159.04 ,160.37 ,155.92 
2019/11/21,158.92 ,10128660 ,157.80 ,159.69 ,155.30 
2019/11/20,159.21 ,16434320 ,158.91 ,160.50 ,157.43 
2019/11/19,155.86 ,10988430 ,151.47 ,156.00 ,151.21 
2019/11/18,152.03 ,10188040 ,154.65 ,155.18 ,150.95 
2019/11/17,152.15 ,21282320 ,154.40 ,155.44 ,150.21 
2019/11/16,157.02 ,19142740 ,158.45 ,159.49 ,154.73 
2019/11/15,155.97 ,16127240 ,152.11 ,158.55 ,151.90 
2019/11/14,154.84 ,14780030 ,152.81 ,155.39 ,151.50 
2019/11/13,150.88 ,14983900 ,150.68 ,154.17 ,149.96 
2019/11/12,149.27 ,12911650 ,148.50 ,150.57 ,146.54 
2019/11/11,151.32 ,9552933 ,151.83 ,153.38 ,150.14 
2019/11/10,151.69 ,14211280 ,149.81 ,152.03 ,148.88 
2019/11/9,151.92 ,20184060 ,149.89 ,153.35 ,148.50 
2019/11/8,146.79 ,16422310 ,145.00 ,147.55 ,142.06 
2019/11/7,143.10 ,17218390 ,140.55 ,144.08 ,139.01 
2019/11/6,139.75 ,22813920 ,134.26 ,141.08 ,133.66 
2019/11/5,130.60 ,19516320 ,134.27 ,134.87 ,129.83 
2019/11/4,136.70 ,16589680 ,134.13 ,137.75 ,133.03 
2019/11/3,137.07 ,11180730 ,141.83 ,142.02 ,136.04 
2019/11/2,139.09 ,11950610 ,139.20 ,140.98 ,136.79 
2019/11/1,138.45 ,11407510 ,135.05 ,138.45 ,133.89 
2019/10/31,138.00 ,14452360 ,132.87 ,138.02 ,130.18 
2019/10/30,131.89 ,11240720 ,130.00 ,134.57 ,129.77 
2019/10/29,132.00 ,28757930 ,137.08 ,137.19 ,130.23 
2019/10/28,135.11 ,23967630 ,135.83 ,137.76 ,132.91 
2019/10/27,137.14 ,27614500 ,141.04 ,141.33 ,135.73 
2019/10/26,140.82 ,17568170 ,144.28 ,144.75 ,140.11 
2019/10/25,143.98 ,15726640 ,146.50 ,147.94 ,142.24 
2019/10/24,149.00 ,15556480 ,147.71 ,150.70 ,145.72 
2019/10/23,151.48 ,12203100 ,153.05 ,153.46 ,150.52 
2019/10/22,151.50 ,16595780 ,155.24 ,156.17 ,151.43 
2019/10/21,151.83 ,13614260 ,155.26 ,156.24 ,150.90 
2019/10/20,151.43 ,15506430 ,150.39 ,152.81 ,147.48 
2019/10/19,153.06 ,17438360 ,155.40 ,158.05 ,151.73 
2019/10/18,155.83 ,25259980 ,153.00 ,155.87 ,150.51 
2019/10/17,158.34 ,22154300 ,164.88 ,164.98 ,156.46 
2019/10/16,163.74 ,31057810 ,168.64 ,168.80 ,163.51 
2019/10/15,160.86 ,35042190 ,157.90 ,160.86 ,156.72 
2019/10/14,156.28 ,20505610 ,158.08 ,159.00 ,153.54 
2019/10/13,159.34 ,20743610 ,159.01 ,159.80 ,155.26 
2019/10/12,156.46 ,17892140 ,154.64 ,157.94 ,153.58 
2019/10/11,156.01 ,16106170 ,153.21 ,156.53 ,152.37 
2019/10/10,150.33 ,7437479 ,147.30 ,151.17 ,147.00 
2019/10/9,149.41 ,14707580 ,149.06 ,151.48 ,148.65 
2019/10/8,145.98 ,19447780 ,144.48 ,148.07 ,142.82 
2019/10/7,149.53 ,18053210 ,152.02 ,153.21 ,148.77 
2019/10/6,154.10 ,19489910 ,155.04 ,155.80 ,152.14 
2019/10/5,156.22 ,30029500 ,152.90 ,157.40 ,150.89 
2019/10/4,150.44 ,21767580 ,150.21 ,152.15 ,148.44 
2019/10/3,146.98 ,19544820 ,144.83 ,149.94 ,143.91 
2019/10/2,142.82 ,16500820 ,145.01 ,146.41 ,139.97 
2019/10/1,144.85 ,16209350 ,145.57 ,145.72 ,142.48 
2019/9/30,148.99 ,17057390 ,150.99 ,151.88 ,146.69 
2019/9/29,152.50 ,17860340 ,150.77 ,152.80 ,148.94 
2019/9/28,147.44 ,17835420 ,145.87 ,149.96 ,145.33 
2019/9/27,144.64 ,16177040 ,146.22 ,149.37 ,144.23 
2019/9/26,147.59 ,45667320 ,152.56 ,154.36 ,146.28 
2019/9/25,151.25 ,46943600 ,144.98 ,152.32 ,138.62 
2019/9/24,142.28 ,23634410 ,141.35 ,142.65 ,139.14 
2019/9/23,136.33 ,25165940 ,132.28 ,136.40 ,130.06 
2019/9/22,133.38 ,35064320 ,142.42 ,144.00 ,131.36 
2019/9/21,142.87 ,19466330 ,139.00 ,145.83 ,138.55 
2019/9/20,144.60 ,13604120 ,142.50 ,144.91 ,141.01 
2019/9/19,139.61 ,18295720 ,145.18 ,146.69 ,139.34 
2019/9/18,146.65 ,19936740 ,143.22 ,147.51 ,142.62 
2019/9/17,148.80 ,22560500 ,148.99 ,150.20 ,146.10 
2019/9/16,142.93 ,14842970 ,145.34 ,146.77 ,142.61 
2019/9/15,142.02 ,20591730 ,145.85 ,146.28 ,140.80 
2019/9/14,148.14 ,16863550 ,150.68 ,150.68 ,146.37 
2019/9/13,149.60 ,18337850 ,145.71 ,149.76 ,145.26 
2019/9/12,144.16 ,18536160 ,144.77 ,145.69 ,142.30 
2019/9/11,147.29 ,30724610 ,148.62 ,149.00 ,144.52 
2019/9/10,141.90 ,43104960 ,135.53 ,142.91 ,135.14 
2019/9/9,138.29 ,55541460 ,142.50 ,144.00 ,137.92 
2019/9/8,146.94 ,31042160 ,147.97 ,150.59 ,146.47 
2019/9/7,151.14 ,24792330 ,150.20 ,152.64 ,148.34 
2019/9/6,154.63 ,20253600 ,156.14 ,157.12 ,152.25 
2019/9/5,156.13 ,32145230 ,160.06 ,160.08 ,153.87 
2019/9/4,162.37 ,13101040 ,163.15 ,164.54 ,161.93 
2019/9/3,160.23 ,14713340 ,159.79 ,161.03 ,158.27 
2019/9/2,162.00 ,10599540 ,165.92 ,165.95 ,161.56 
2019/9/1,164.76 ,10480580 ,164.90 ,165.66 ,163.30 
2019/8/31,166.32 ,12682550 ,166.39 ,167.05 ,164.92 
2019/8/30,165.40 ,13570590 ,165.52 ,167.39 ,164.87 
2019/8/29,164.25 ,9579768 ,164.05 ,165.44 ,162.83 
2019/8/28,163.16 ,13113480 ,162.81 ,163.40 ,160.10 
2019/8/27,164.63 ,21876600 ,169.46 ,169.84 ,164.50 
2019/8/26,165.88 ,22803720 ,166.89 ,167.70 ,164.72 
2019/8/25,162.63 ,23002870 ,158.82 ,163.13 ,158.82 
2019/8/24,156.65 ,27218070 ,156.88 ,159.40 ,155.52 
2019/8/23,158.89 ,20326940 ,161.50 ,161.65 ,158.29 
2019/8/22,164.74 ,23403950 ,167.88 ,168.00 ,163.38 
2019/8/21,165.53 ,25666870 ,165.41 ,167.22 ,164.01 
2019/8/20,161.46 ,32454860 ,158.20 ,162.82 ,156.18 
2019/8/19,157.46 ,25878870 ,153.18 ,158.45 ,152.85 
2019/8/18,156.36 ,39062050 ,158.59 ,160.72 ,155.00 
2019/8/17,162.37 ,19297860 ,159.95 ,164.61 ,159.51 
2019/8/16,159.87 ,33018050 ,164.16 ,166.48 ,158.67 
2019/8/15,164.23 ,35672700 ,167.48 ,168.28 ,162.03 
2019/8/14,170.44 ,23187010 ,173.50 ,173.95 ,169.00 
2019/8/13,175.01 ,13721350 ,173.11 ,176.68 ,172.76 
2019/8/12,174.60 ,17063610 ,177.33 ,178.10 ,174.12 
2019/8/11,178.50 ,11888560 ,179.35 ,179.66 ,176.83 
2019/8/10,178.19 ,15300960 ,182.15 ,182.38 ,177.50 
2019/8/9,180.65 ,23479060 ,177.10 ,180.88 ,176.22 
2019/8/8,174.23 ,30414790 ,175.00 ,176.37 ,172.45 
2019/8/7,172.23 ,78666520 ,184.97 ,186.50 ,171.91 
2019/8/6,177.85 ,26992790 ,178.15 ,179.74 ,175.50 
2019/8/5,177.92 ,20099570 ,177.63 ,179.67 ,176.97 
2019/8/4,176.29 ,25699090 ,175.22 ,178.86 ,174.36 
2019/8/3,172.78 ,24662250 ,172.52 ,174.20 ,168.38 
2019/8/2,171.99 ,34241580 ,172.33 ,175.70 ,171.57 
2019/8/1,169.83 ,41251300 ,167.11 ,169.85 ,165.39 
2019/7/31,172.53 ,38485100 ,175.14 ,176.20 ,170.77 
2019/7/30,177.68 ,14668290 ,179.65 ,180.65 ,177.00 
2019/7/29,180.01 ,22030660 ,175.57 ,180.45 ,174.75 
2019/7/28,177.19 ,35201440 ,179.31 ,180.63 ,176.76 
2019/7/27,177.52 ,21130010 ,180.00 ,180.18 ,176.55 
2019/7/26,179.92 ,20605320 ,180.29 ,183.00 ,179.74 
2019/7/25,178.62 ,35399150 ,180.70 ,180.86 ,177.49 
2019/7/24,180.84 ,18229350 ,184.15 ,184.50 ,180.08 
2019/7/23,182.60 ,20950920 ,181.54 ,182.90 ,179.78 
2019/7/22,185.27 ,14361340 ,186.00 ,189.06 ,183.96 
2019/7/21,187.23 ,16947350 ,186.40 ,188.95 ,183.99 
2019/7/20,184.82 ,19860040 ,190.22 ,190.59 ,182.06 
2019/7/19,189.42 ,19906310 ,196.10 ,196.27 ,186.93 
2019/7/18,194.18 ,13834250 ,193.21 ,196.12 ,192.62 
2019/7/17,197.98 ,20655540 ,190.61 ,198.35 ,190.14 
2019/7/16,189.00 ,18402470 ,190.19 ,193.07 ,188.35 
2019/7/15,187.04 ,10970250 ,187.18 ,187.81 ,184.80 
2019/7/14,187.25 ,12806710 ,189.49 ,189.50 ,186.61 
2019/7/13,187.34 ,13352350 ,188.68 ,189.68 ,186.87 
2019/7/12,190.79 ,10784720 ,192.45 ,193.23 ,189.91 
2019/7/11,192.66 ,13251170 ,188.65 ,192.95 ,187.90 
2019/7/10,190.35 ,12189870 ,189.57 ,191.37 ,189.15 
2019/7/9,190.04 ,12549960 ,191.61 ,192.12 ,189.30 
2019/7/8,190.17 ,17407670 ,190.77 ,192.58 ,189.79 
2019/7/7,187.42 ,15914610 ,188.60 ,190.05 ,187.42 
2019/7/6,192.55 ,12539250 ,192.89 ,195.13 ,191.48 
2019/7/5,192.75 ,15432530 ,194.45 ,194.69 ,190.87 
2019/7/4,192.27 ,17024230 ,186.01 ,192.49 ,185.54 
2019/7/3,186.88 ,18369170 ,187.17 ,187.44 ,182.90 
2019/7/2,184.75 ,11673700 ,187.88 ,188.50 ,184.36 
2019/7/1,186.36 ,17314370 ,181.66 ,186.36 ,181.06 
2019/6/30,185.53 ,26014690 ,185.36 ,188.97 ,184.26 
2019/6/29,188.38 ,19537920 ,183.20 ,188.96 ,182.04 
2019/6/28,185.02 ,23809980 ,193.46 ,193.60 ,184.89 
2019/6/27,191.42 ,20712570 ,193.34 ,193.66 ,188.42 
2019/6/26,191.25 ,32726440 ,197.85 ,198.10 ,187.86 
2019/6/25,202.01 ,9611986 ,203.38 ,203.80 ,200.25 
2019/6/24,202.21 ,13947760 ,205.84 ,206.00 ,201.04 
2019/6/23,206.23 ,15537330 ,205.05 ,207.23 ,205.02 
2019/6/22,204.43 ,24466630 ,203.53 ,204.51 ,199.50 
2019/6/21,208.57 ,14601190 ,205.16 ,208.60 ,203.88 
2019/6/20,208.00 ,28649140 ,207.49 ,210.08 ,206.01 
2019/6/19,210.86 ,18804980 ,207.72 ,211.12 ,207.51 
2019/6/18,206.62 ,13828360 ,209.44 ,209.65 ,206.60 
2019/6/17,209.08 ,15874510 ,206.95 ,209.80 ,206.90 
2019/6/16,205.70 ,12055360 ,206.50 ,207.60 ,205.01 
2019/6/15,205.07 ,17507940 ,201.11 ,206.23 ,200.43 
2019/6/14,203.62 ,26713120 ,207.46 ,209.00 ,200.88 
2019/6/13,208.30 ,13754680 ,209.86 ,210.46 ,207.29 
2019/6/12,208.37 ,17758760 ,209.95 ,211.70 ,207.13 
2019/6/11,208.95 ,19342570 ,205.12 ,209.75 ,204.73 
2019/6/10,204.34 ,23101880 ,199.50 ,204.99 ,199.45 
2019/6/9,198.01 ,17973850 ,198.00 ,199.48 ,196.85 
2019/6/8,197.98 ,13913250 ,199.70 ,200.54 ,197.50 
2019/6/7,198.00 ,18498480 ,197.94 ,202.28 ,197.00 
2019/6/6,199.20 ,21256660 ,197.57 ,201.50 ,197.21 
2019/6/5,197.37 ,18496230 ,198.12 ,199.72 ,195.70 
2019/6/4,196.80 ,12792440 ,193.88 ,196.90 ,192.80 
2019/6/3,195.87 ,9691461 ,198.30 ,198.63 ,195.70 
2019/6/2,197.64 ,13805010 ,197.80 ,199.79 ,196.40 
2019/6/1,195.00 ,13764590 ,196.43 ,197.78 ,194.72 
2019/5/31,196.02 ,13429630 ,196.00 ,198.43 ,195.57 
2019/5/30,198.11 ,12871970 ,196.75 ,199.75 ,196.30 
2019/5/29,196.61 ,12680450 ,195.23 ,196.78 ,193.86 
2019/5/28,198.64 ,17605420 ,195.90 ,200.00 ,195.87 
2019/5/27,194.36 ,12721840 ,196.40 ,196.46 ,193.38 
2019/5/26,195.96 ,21271550 ,196.30 ,199.77 ,195.16 
2019/5/25,195.43 ,13762480 ,195.84 ,197.38 ,194.50 
2019/5/24,196.31 ,21844630 ,194.20 ,197.34 ,193.01 
2019/5/23,195.35 ,29818790 ,190.41 ,196.60 ,190.30 
2019/5/22,188.89 ,57745020 ,180.40 ,190.60 ,178.62 
2019/5/21,182.45 ,26118910 ,183.50 ,183.59 ,175.77 
2019/5/20,181.45 ,20593630 ,180.80 ,184.26 ,180.11 
2019/5/19,179.50 ,10712730 ,177.58 ,180.32 ,177.44 
2019/5/18,178.54 ,14627670 ,178.09 ,180.04 ,177.05 
2019/5/17,177.16 ,15047700 ,177.11 ,178.20 ,174.01 
2019/5/16,173.90 ,13334990 ,173.25 ,174.36 ,172.05 
2019/5/15,170.22 ,17095350 ,170.52 ,171.30 ,166.64 
2019/5/14,173.09 ,14555890 ,177.63 ,178.00 ,170.68 
2019/5/13,175.57 ,12024000 ,178.63 ,179.32 ,174.71 
2019/5/12,179.11 ,14464610 ,179.36 ,181.39 ,177.53 
2019/5/11,181.39 ,11974980 ,183.26 ,183.63 ,179.52 
2019/5/10,182.68 ,16937380 ,178.90 ,182.88 ,177.64 
2019/5/9,178.70 ,16269960 ,174.83 ,179.34 ,174.83 
2019/5/8,174.70 ,9852899 ,172.01 ,174.79 ,171.01 
2019/5/7,172.04 ,13512220 ,176.72 ,176.80 ,171.07 
2019/5/6,175.92 ,11108990 ,175.93 ,177.90 ,174.56 
2019/5/5,175.36 ,10154830 ,176.48 ,178.16 ,174.74 
2019/5/4,177.10 ,20546750 ,175.10 ,177.88 ,173.85 
2019/5/3,169.87 ,14701160 ,169.75 ,172.72 ,168.61 
2019/5/2,167.52 ,18187360 ,169.84 ,172.27 ,166.40 
2019/5/1,172.57 ,18142960 ,175.48 ,176.56 ,171.17 
2019/4/30,172.07 ,24542530 ,166.88 ,172.41 ,166.13 
2019/4/29,174.67 ,19936030 ,179.26 ,179.58 ,173.00 
2019/4/28,177.61 ,16009300 ,182.81 ,183.51 ,175.75 
2019/4/27,183.54 ,16368940 ,180.88 ,185.13 ,178.62 
2019/4/26,178.91 ,20047810 ,180.73 ,183.44 ,177.57 
2019/4/25,181.89 ,16598970 ,192.24 ,192.25 ,180.66 
2019/4/24,190.50 ,16744070 ,187.89 ,190.62 ,184.32 
2019/4/23,181.20 ,18698590 ,186.85 ,188.48 ,180.40 
2019/4/22,184.65 ,25307040 ,190.75 ,192.39 ,184.60 
2019/4/21,195.30 ,12033510 ,198.80 ,198.88 ,194.57 
2019/4/20,198.95 ,11930750 ,194.95 ,199.21 ,194.54 
2019/4/19,194.53 ,19511150 ,198.00 ,198.43 ,192.80 
2019/4/18,200.28 ,26932920 ,198.40 ,200.38 ,197.26 
2019/4/17,199.06 ,33525850 ,198.44 ,201.50 ,196.52 
2019/4/16,192.56 ,20019190 ,190.29 ,193.63 ,190.22 
2019/4/15,188.41 ,14775890 ,193.88 ,194.25 ,187.39 
2019/4/14,192.74 ,17811070 ,192.30 ,194.40 ,190.90 
2019/4/13,190.55 ,14199320 ,189.64 ,190.70 ,188.01 
2019/4/12,187.18 ,14320500 ,189.05 ,190.23 ,186.57 
2019/4/11,189.05 ,13718270 ,184.37 ,189.07 ,184.32 
2019/4/10,187.37 ,17638850 ,185.19 ,188.01 ,184.82 
2019/4/9,181.60 ,15636200 ,179.41 ,181.95 ,177.07 
2019/4/8,179.76 ,18884930 ,178.01 ,180.23 ,175.45 
2019/4/7,181.99 ,17277910 ,186.18 ,187.48 ,180.05 
2019/4/6,186.14 ,19131410 ,187.25 ,188.24 ,185.00 
2019/4/5,188.26 ,22994700 ,192.59 ,193.57 ,187.21 
2019/4/4,194.19 ,19444110 ,194.46 ,195.15 ,190.65 
2019/4/3,193.29 ,16926210 ,190.18 ,193.41 ,189.95 
2019/4/2,188.75 ,12269440 ,190.20 ,190.74 ,187.77 
2019/4/1,188.82 ,22048070 ,189.37 ,193.17 ,188.46 
2019/3/31,187.19 ,14842160 ,183.67 ,188.83 ,183.00 
2019/3/30,183.68 ,16102610 ,186.75 ,188.27 ,183.54 
2019/3/29,187.45 ,14352070 ,189.25 ,189.56 ,184.43 
2019/3/28,186.76 ,21028000 ,179.22 ,186.93 ,178.90 
2019/3/27,179.25 ,15473030 ,177.42 ,182.15 ,177.00 
2019/3/26,177.44 ,18256850 ,180.44 ,180.79 ,175.09 
2019/3/25,176.67 ,28034620 ,175.12 ,177.62 ,168.88 
2019/3/24,173.70 ,31996320 ,182.27 ,183.10 ,171.39 
2019/3/23,180.30 ,19633580 ,183.50 ,186.83 ,180.30 
2019/3/22,185.17 ,35757700 ,174.72 ,185.59 ,174.17 
2019/3/21,180.53 ,30955960 ,183.70 ,190.47 ,179.90 
2019/3/20,187.31 ,32188350 ,194.79 ,195.68 ,186.80 
2019/3/19,192.22 ,52506760 ,192.75 ,199.49 ,191.14 
2019/3/18,204.29 ,26668400 ,202.82 ,206.20 ,202.80 
2019/3/17,199.66 ,23343870 ,198.68 ,202.54 ,196.49 
2019/3/16,203.01 ,21882900 ,204.83 ,205.69 ,201.82 
2019/3/15,205.22 ,23707370 ,200.33 ,205.23 ,199.21 
2019/3/14,198.33 ,23264200 ,196.34 ,199.59 ,194.10 
2019/3/13,195.53 ,34481880 ,194.71 ,198.86 ,192.40 
2019/3/12,192.28 ,31085160 ,185.28 ,192.40 ,183.54 
2019/3/11,184.02 ,15983160 ,184.98 ,185.04 ,181.68 
2019/3/10,184.05 ,13732300 ,185.15 ,185.24 ,182.80 
2019/3/9,184.40 ,14158750 ,184.28 ,185.85 ,182.69 
2019/3/8,183.83 ,21326040 ,183.30 ,184.80 ,179.32 
2019/3/7,182.40 ,27401460 ,190.40 ,191.74 ,181.75 
2019/3/6,187.79 ,11775870 ,189.91 ,190.20 ,187.25 
2019/3/5,188.75 ,12390410 ,189.73 ,190.43 ,188.10 
2019/3/4,189.79 ,17933960 ,188.10 ,190.39 ,186.58 
2019/3/3,190.80 ,19483090 ,191.13 ,192.49 ,188.00 
2019/3/2,190.33 ,16142360 ,190.46 ,191.66 ,189.07 
2019/3/1,190.70 ,18143940 ,187.17 ,190.75 ,186.30 
2019/2/28,185.71 ,19448620 ,185.90 ,187.75 ,184.43 
2019/2/27,184.00 ,20106870 ,185.19 ,185.64 ,181.40 
2019/2/26,183.65 ,29917780 ,176.40 ,184.10 ,175.70 
2019/2/25,172.43 ,9690315 ,172.28 ,173.67 ,171.20 
2019/2/24,172.30 ,9497180 ,173.04 ,173.53 ,171.67 
2019/2/23,172.97 ,10138450 ,172.29 ,173.87 ,171.73 
2019/2/22,172.33 ,12864270 ,174.55 ,175.15 ,171.73 
2019/2/21,176.29 ,12520190 ,175.84 ,176.66 ,175.04 
2019/2/20,175.32 ,14804920 ,172.80 ,176.25 ,172.65 
2019/2/19,172.64 ,17103480 ,171.79 ,172.90 ,170.80 
2019/2/18,171.28 ,23917700 ,171.97 ,173.00 ,170.51 
2019/2/17,173.37 ,16996660 ,174.60 ,174.70 ,172.37 
2019/2/16,173.55 ,41334200 ,172.89 ,173.55 ,170.00 
2019/2/15,171.75 ,32798190 ,173.11 ,173.39 ,169.61 
2019/2/14,176.47 ,18622660 ,175.19 ,177.70 ,174.30 
2019/2/13,174.64 ,22620890 ,178.00 ,178.16 ,173.77 
2019/2/12,179.29 ,15612400 ,179.19 ,180.68 ,178.15 
2019/2/11,177.62 ,23531130 ,177.72 ,178.96 ,176.37 
2019/2/10,174.47 ,15683080 ,173.76 ,175.82 ,172.26 
2019/2/9,172.63 ,23787250 ,168.30 ,173.23 ,167.87 
2019/2/8,168.96 ,31587150 ,165.28 ,172.96 ,164.25 
2019/2/7,169.58 ,35867700 ,177.20 ,177.58 ,168.26 
2019/2/6,174.61 ,26767270 ,175.27 ,179.80 ,173.80 
2019/2/5,177.08 ,25806000 ,179.53 ,179.80 ,176.32 
2019/2/4,179.91 ,40167810 ,185.25 ,185.41 ,173.62 
2019/2/3,186.69 ,13321870 ,188.83 ,189.10 ,186.50 
2019/2/2,188.03 ,14939040 ,190.49 ,191.45 ,187.55 
2019/2/1,191.19 ,9887763 ,189.39 ,191.70 ,188.70 
2019/1/31,189.84 ,14399670 ,191.54 ,191.75 ,189.37 
2019/1/30,190.90 ,19598400 ,190.35 ,191.56 ,188.80 
2019/1/29,188.00 ,25925840 ,187.60 ,190.00 ,186.61 
2019/1/28,185.13 ,13415770 ,185.92 ,186.50 ,184.67 
2019/1/27,185.43 ,18376040 ,183.31 ,186.27 ,183.12 
2019/1/26,181.48 ,16524530 ,179.37 ,181.88 ,176.74 
2019/1/25,181.79 ,14445780 ,184.30 ,184.38 ,181.15 
2019/1/24,184.54 ,17164020 ,186.77 ,187.88 ,184.00 
2019/1/23,186.41 ,14987690 ,187.03 ,187.17 ,185.40 
2019/1/22,185.13 ,19705730 ,184.21 ,185.13 ,181.05 
2019/1/21,185.90 ,13931400 ,187.98 ,188.15 ,185.10 
2019/1/20,188.51 ,17747070 ,189.58 ,189.86 ,187.00 
2019/1/19,187.84 ,19834840 ,184.07 ,188.25 ,184.00 
2019/1/18,183.21 ,19670240 ,186.51 ,186.93 ,182.06 
2019/1/17,184.81 ,41199480 ,190.99 ,191.22 ,183.31 
2019/1/16,186.08 ,28214690 ,187.88 ,188.88 ,183.58 
2019/1/15,184.89 ,21180680 ,183.57 ,185.12 ,181.81 
2019/1/14,181.58 ,20187930 ,178.43 ,181.90 ,177.59 
2019/1/13,176.15 ,19674110 ,173.19 ,177.00 ,171.11 
2019/1/12,170.32 ,13422500 ,170.62 ,171.45 ,168.58 
2019/1/11,170.22 ,18091890 ,174.69 ,175.44 ,169.30 
2019/1/10,173.70 ,11911310 ,174.00 ,175.98 ,173.26 
2019/1/9,173.13 ,17588820 ,177.80 ,178.01 ,173.05 
2019/1/8,177.32 ,11939510 ,179.02 ,179.52 ,177.08 
2019/1/7,177.93 ,13447490 ,177.00 ,179.61 ,175.45 
2019/1/6,179.61 ,21745600 ,177.09 ,180.00 ,176.28 
2019/1/5,175.32 ,20104080 ,179.58 ,180.12 ,175.30 
2019/1/4,179.56 ,12839030 ,180.00 ,180.05 ,178.51 
2019/1/3,178.45 ,18098990 ,180.96 ,181.40 ,177.97 
2019/1/2,180.53 ,15426700 ,184.04 ,184.39 ,180.35 
2019/1/1,184.69 ,11944840 ,183.00 ,184.70 ,182.60 
2018/12/31,183.12 ,13182770 ,181.65 ,184.46 ,181.36 
2018/12/30,182.09 ,14992900 ,178.97 ,183.13 ,178.75 
2018/12/29,179.20 ,8732723 ,177.85 ,179.87 ,177.61 
2018/12/28,178.89 ,11879930 ,179.00 ,179.73 ,176.03 
2018/12/27,178.71 ,11413220 ,178.06 ,180.00 ,177.30 
2018/12/26,178.56 ,15145420 ,176.06 ,178.78 ,173.61 
2018/12/25,173.61 ,12551290 ,174.57 ,175.13 ,172.57 
2018/12/24,172.71 ,13382620 ,171.11 ,173.54 ,170.74 
2018/12/23,170.24 ,13944110 ,170.91 ,171.88 ,169.57 
2018/12/22,170.99 ,19401440 ,169.84 ,171.95 ,169.45 
2018/12/21,167.02 ,23665000 ,170.01 ,171.90 ,166.79 
2018/12/20,169.59 ,33999860 ,176.48 ,177.00 ,167.50 
2018/12/19,178.14 ,12736970 ,176.20 ,178.42 ,175.68 
2018/12/18,177.39 ,14568150 ,178.05 ,178.86 ,175.30 
2018/12/17,177.95 ,15379730 ,180.02 ,180.50 ,176.15 
2018/12/16,180.07 ,14735480 ,180.69 ,180.87 ,179.25 
2018/12/15,179.98 ,22587620 ,178.89 ,180.29 ,177.75 
2018/12/14,176.70 ,26554710 ,177.90 ,179.75 ,176.70 
2018/12/13,177.10 ,22763010 ,177.54 ,179.93 ,176.02 
2018/12/12,178.97 ,21960190 ,175.75 ,179.10 ,175.56 
2018/12/11,175.31 ,15606930 ,174.89 ,175.62 ,173.37 
2018/12/10,174.06 ,18224880 ,171.50 ,174.20 ,171.50 
2018/12/9,169.00 ,12337480 ,169.99 ,171.22 ,168.92 
2018/12/8,170.48 ,15061590 ,169.26 ,170.97 ,168.00 
2018/12/7,168.14 ,19956480 ,170.17 ,171.11 ,167.00 
2018/12/6,169.92 ,14956400 ,169.47 ,171.93 ,168.74 
2018/12/5,171.04 ,11155170 ,171.99 ,172.39 ,170.65 
2018/12/4,171.74 ,16471180 ,172.54 ,172.90 ,170.25 
2018/12/3,171.25 ,17736920 ,169.15 ,172.39 ,169.15 
2018/12/2,167.41 ,19560760 ,165.15 ,169.23 ,164.35 
2018/12/1,168.30 ,24395950 ,171.15 ,171.34 ,167.06 
2018/11/30,171.74 ,24132130 ,174.80 ,174.94 ,171.11 
2018/11/29,175.00 ,20757320 ,177.00 ,177.00 ,174.30 
2018/11/28,175.80 ,21907920 ,172.90 ,176.23 ,172.75 
2018/11/27,174.46 ,24427590 ,170.02 ,174.77 ,169.64 
2018/11/26,169.25 ,22317510 ,168.29 ,170.60 ,166.98 
2018/11/25,167.50 ,31463720 ,165.36 ,169.50 ,164.10 
2018/11/24,163.92 ,56786950 ,166.12 ,168.00 ,163.51 
2018/11/23,159.50 ,21192550 ,160.00 ,160.35 ,158.54 
2018/11/22,157.75 ,18606600 ,155.74 ,158.32 ,154.00 
2018/11/21,154.61 ,14567530 ,154.77 ,155.08 ,153.10 
2018/11/20,151.70 ,22296070 ,150.51 ,152.57 ,147.50 
2018/11/19,151.77 ,18931260 ,156.20 ,156.50 ,151.25 
2018/11/18,157.49 ,10994800 ,156.05 ,157.71 ,155.20 
2018/11/17,157.50 ,15413790 ,158.56 ,159.84 ,156.80 
2018/11/16,158.84 ,15873550 ,154.83 ,158.99 ,154.37 
2018/11/15,153.33 ,10023700 ,154.32 ,154.32 ,152.16 
2018/11/14,153.32 ,12412750 ,152.10 ,153.80 ,149.60 
2018/11/13,151.91 ,19494160 ,155.47 ,155.75 ,149.10 
2018/11/12,154.73 ,11976760 ,156.25 ,156.61 ,153.80 
2018/11/11,154.95 ,17750860 ,158.90 ,159.39 ,153.50 
2018/11/10,157.56 ,14438300 ,153.96 ,158.96 ,152.82 
2018/11/9,154.15 ,26027590 ,157.85 ,160.39 ,151.33 
2018/11/8,155.79 ,14425820 ,152.53 ,156.00 ,152.36 
2018/11/7,152.44 ,8447232 ,152.36 ,152.75 ,150.85 
2018/11/6,152.26 ,10630370 ,152.77 ,153.23 ,151.60 
2018/11/5,151.89 ,11441250 ,151.79 ,152.15 ,150.31 
2018/11/4,152.11 ,16606860 ,153.96 ,154.12 ,151.84 
2018/11/3,153.15 ,16776380 ,155.14 ,156.41 ,152.64 
2018/11/2,153.75 ,15292620 ,151.08 ,154.60 ,150.48 
2018/11/1,151.23 ,15317140 ,153.53 ,153.70 ,150.42 
2018/10/31,151.83 ,11459670 ,150.12 ,152.25 ,149.69 
2018/10/30,149.52 ,11672540 ,149.52 ,150.00 ,148.00 
2018/10/29,149.00 ,14940130 ,147.38 ,149.30 ,146.85 
2018/10/28,145.81 ,13507130 ,144.29 ,145.87 ,143.26 
2018/10/27,143.81 ,10334210 ,143.00 ,144.16 ,142.25 
2018/10/26,142.43 ,8034802 ,142.65 ,143.38 ,141.83 
2018/10/25,142.20 ,11918460 ,143.01 ,143.62 ,141.83 
2018/10/24,144.87 ,16969000 ,141.16 ,145.00 ,140.33 
2018/10/23,140.99 ,6975712 ,141.75 ,142.49 ,139.50 
2018/10/22,140.90 ,12267040 ,141.03 ,142.38 ,139.92 
2018/10/21,140.81 ,24112460 ,143.16 ,143.56 ,137.52 
2018/10/20,143.95 ,17738130 ,142.65 ,144.37 ,141.48 
2018/10/19,141.53 ,17357530 ,143.90 ,144.38 ,141.10 
2018/10/18,142.73 ,17820360 ,144.03 ,145.36 ,141.27 
2018/10/17,143.01 ,11748910 ,142.10 ,143.34 ,141.60 
2018/10/16,142.27 ,21880720 ,142.05 ,144.68 ,140.88 
2018/10/15,143.29 ,30893320 ,138.82 ,143.50 ,138.02 
2018/10/14,138.38 ,19974660 ,140.08 ,140.63 ,137.93 
2018/10/13,139.47 ,24921200 ,137.81 ,140.40 ,137.40 
2018/10/12,134.87 ,36327490 ,136.28 ,136.50 ,133.55 
2018/10/11,135.08 ,30498630 ,135.64 ,135.67 ,133.10 
2018/10/10,136.67 ,32828070 ,137.80 ,139.25 ,135.26 
2018/10/9,136.60 ,40858290 ,141.88 ,142.24 ,135.90 
2018/10/8,139.08 ,32160830 ,139.17 ,142.20 ,136.05 
2018/10/7,139.44 ,54344790 ,144.57 ,148.29 ,137.01 
2018/10/6,142.34 ,81317190 ,142.51 ,143.70 ,135.21 
2018/10/5,125.64 ,9429288 ,125.08 ,125.91 ,124.11 
2018/10/4,124.62 ,9249509 ,125.61 ,126.20 ,124.27 
2018/10/3,125.37 ,10027960 ,124.02 ,125.56 ,123.87 
2018/10/2,124.13 ,7341037 ,123.72 ,124.53 ,123.24 
2018/10/1,123.97 ,8894392 ,122.82 ,124.00 ,122.26 
2018/9/30,122.46 ,11580420 ,123.64 ,124.18 ,122.00 
2018/9/29,123.91 ,8335992 ,124.08 ,124.88 ,123.53 
2018/9/28,123.99 ,7555771 ,123.93 ,124.65 ,123.10 
2018/9/27,123.63 ,12478840 ,123.74 ,124.45 ,122.31 
2018/9/26,122.81 ,8370763 ,123.07 ,123.68 ,121.95 
2018/9/25,122.93 ,14353420 ,124.67 ,125.68 ,122.85 
2018/9/24,124.75 ,13479320 ,124.98 ,125.59 ,123.56 
2018/9/23,123.22 ,21049110 ,123.96 ,126.40 ,123.07 
2018/9/22,121.27 ,37098420 ,116.31 ,122.63 ,114.00 
2018/9/21,120.72 ,19770550 ,123.25 ,123.89 ,120.50 
2018/9/20,124.02 ,18143610 ,121.98 ,124.34 ,121.74 
2018/9/19,121.40 ,11112300 ,121.03 ,121.49 ,120.03 
2018/9/18,120.34 ,9814886 ,120.37 ,120.47 ,119.51 
2018/9/17,120.16 ,11347940 ,120.13 ,120.50 ,118.25 
2018/9/16,119.98 ,9338224 ,120.01 ,120.33 ,119.10 
2018/9/15,120.00 ,15194460 ,118.62 ,120.00 ,118.07 
2018/9/14,116.86 ,6460771 ,116.90 ,117.51 ,116.20 
